------- mulai dari sini
------- tabel DOSEN_KELAS_MK, LOWONGAN, STATUS_LAMARAN, LAMARAN, STATUS_LOG, KATEGORI_LOG, LOG


INSERT INTO DOSEN_KELAS_MK(NIP, IDKelasMK) VALUES
 ('1780001',80001)
,('1780002',80002)
,('1780019',80002)
,('1780003',80003)
,('1780020',80003)
,('1780004',80004)
,('1780021',80004)
,('1780005',80005)
,('1780007',80005)
,('1780022',80005)
,('1780006',80006)
,('1780008',80006)
,('1780005',80006)
,('1780007',80007)
,('1780009',80007)
,('1780006',80007)
,('1780008',80008)
,('1780010',80008)
,('1780009',80009)
,('1780011',80009)
,('1780010',80010)
,('1780018',80010)
,('1780011',80011)
,('1780019',80012)
,('1780020',80013)
,('1780021',80014)
,('1780022',80015)
,('1780023',80016)
,('1780024',80017)
,('1780025',80018)
,('1780026',80019)
,('1780027',80020)
,('1780028',80021)
,('1780029',80022)
,('1780030',80023)
,('1780031',80024)
,('1780032',80025)
,('1780033',80026)
,('1780037',80027)
,('1780038',80028)
,('1780039',80029)
,('1780040',80030)
,('1780041',80031)
,('1780042',80032)
,('1780043',80033)
,('1780044',80034)
,('1780045',80035)
,('1780046',80036)
,('1780047',80037)
,('1780001',80038)
,('1780002',80039)
,('1780003',80040)
,('1780007',80040)
,('1780004',80041)
,('1780005',80042)
,('1780006',80043)
,('1780007',80044)
,('1780001',80045)
,('1780002',80046)
,('1780023',80046)
,('1780003',80047)
,('1780024',80047)
,('1780004',80048)
,('1780025',80048)
,('1780005',80049)
,('1780006',80050);


INSERT INTO LOWONGAN(IDLowongan, IDKelasMK, Status, Jumlah_Asisten, Syarat_Tambahan, NIPDosenPembuka) VALUES
 (7300001,80001,FALSE,1,'Lulus MD1','1780043')
,(7300002,80036,TRUE,4,NULL,'1780043')
,(7300003,80008,TRUE,1,NULL,'1780044')
,(7300004,80014,FALSE,0,'Lulus TBA','1780013')
,(7300005,80032,FALSE,5,NULL,'1780045')
,(7300006,80006,FALSE,10,NULL,'1780011')
,(7300007,80033,TRUE,10,'Mendapat Nilai A pada RPL','1780015')
,(7300008,80037,FALSE,4,NULL,'1780024')
,(7300009,80027,FALSE,2,NULL,'1780016')
,(7300010,80040,FALSE,6,NULL,'1780020')
,(7300011,80007,FALSE,6,NULL,'1780012')
,(7300012,80016,FALSE,1,NULL,'1780014')
,(7300013,80015,TRUE,7,'Telah mengambil SC dan MD2','1780039')
,(7300014,80025,TRUE,1,NULL,'1780040')
,(7300015,80005,TRUE,3,NULL,'1780025')
,(7300016,80030,FALSE,3,NULL,'1780039')
,(7300017,80007,FALSE,2,NULL,'1780043')
,(7300018,80022,FALSE,8,NULL,'1780026')
,(7300019,80011,FALSE,1,NULL,'1780012')
,(7300020,80023,TRUE,6,NULL,'1780027')
,(7300021,80035,TRUE,4,NULL,'1780043')
,(7300022,80038,FALSE,0,NULL,'1780022')
,(7300023,80031,FALSE,0,NULL,'1780012')
,(7300024,80002,TRUE,7,'Lancar pemprograman Phyton','1780048')
,(7300025,80035,TRUE,10,NULL,'1780046')
,(7300026,80010,FALSE,2,NULL,'1780014')
,(7300027,80016,FALSE,7,NULL,'1780023')
,(7300028,80009,TRUE,1,'Minimal nilai B pada DDP','1780014')
,(7300029,80012,TRUE,8,NULL,'1780025')
,(7300030,80020,TRUE,4,NULL,'1780002')
,(7300031,80021,FALSE,7,NULL,'1780022')
,(7300032,80024,FALSE,1,'Telah mengulang DDP dan lulus dengan nilai A','1780029')
,(7300033,80029,FALSE,0,NULL,'1780002')
,(7300034,80006,TRUE,3,NULL,'1780036')
,(7300035,80010,FALSE,0,NULL,'1780032')
,(7300036,80008,TRUE,1,NULL,'1780010')
,(7300037,80025,TRUE,1,NULL,'1780001')
,(7300038,80009,TRUE,6,NULL,'1780005')
,(7300039,80026,FALSE,7,NULL,'1780047')
,(7300040,80003,TRUE,10,NULL,'1780023')
,(7300041,80017,TRUE,8,NULL,'1780015')
,(7300042,80013,FALSE,3,NULL,'1780030')
,(7300043,80028,TRUE,1,NULL,'1780045')
,(7300044,80026,TRUE,2,NULL,'1780011')
,(7300045,80039,TRUE,1,NULL,'1780024')
,(7300046,80019,FALSE,2,NULL,'1780011')
,(7300047,80014,FALSE,3,NULL,'1780013')
,(7300048,80013,FALSE,1,'Minimum SKS lulus 48','1780009')
,(7300049,80015,TRUE,4,NULL,'1780016')
,(7300050,80017,TRUE,7,'Minimum merupakan semester 5 pada periode ini','1780015');

INSERT INTO LOWONGAN(IDLowongan, IDKelasMK, Status, Jumlah_Asisten, Syarat_Tambahan, NIPDosenPembuka) VALUES
 (7300051,80024,TRUE,4,NULL,'1780041')
,(7300052,80034,TRUE,10,NULL,'1780010')
,(7300053,80034,FALSE,9,NULL,'1780044')
,(7300054,80023,TRUE,7,'Minimum nilai B pada MD2','1780019')
,(7300055,80027,TRUE,1,NULL,'1780031')
,(7300056,80004,TRUE,4,NULL,'1780036')
,(7300057,80012,TRUE,5,NULL,'1780010')
,(7300058,80030,FALSE,4,NULL,'1780021')
,(7300059,80032,TRUE,6,NULL,'1780028')
,(7300060,80033,FALSE,3,'Minimum SKS lulus 96','1780038')
,(7300061,80011,TRUE,9,NULL,'1780023')
,(7300062,80031,FALSE,6,NULL,'1780039')
,(7300063,80022,FALSE,3,NULL,'1780042')
,(7300064,80018,FALSE,0,NULL,'1780038')
,(7300065,80041,TRUE,1,NULL,'1780037');



INSERT INTO STATUS_LAMARAN(ID, Status) VALUES
 (330001, '1')
,(330002, '2')
,(330003, '3')
,(330004, '4');


INSERT INTO LAMARAN(IDLamaran, NPM, IDLowongan, ID_st_lamaran, IPK, JumlahSKS, NIP) VALUES
 (12000001,'1406500058',7300018,330001,3.15,23,NULL)
,(12000003,'1406500043',7300043,330001,4.00,20,NULL)
,(12000004,'1406500038',7300015,330001,3.99,18,NULL)
,(12000009,'1406500052',7300023,330001,3.06,22,NULL)
,(12000010,'1406500059',7300014,330001,2.95,21,NULL)
,(12000014,'1406500024',7300065,330001,2.64,18,NULL)
,(12000016,'1406500016',7300008,330001,2.74,17,NULL)
,(12000020,'1406500061',7300012,330001,3.91,17,NULL)
,(12000029,'1406500014',7300010,330001,2.99,20,NULL)
,(12000033,'1406500047',7300012,330001,3.60,18,NULL)
,(12000035,'1406500092',7300008,330001,3.31,17,NULL)
,(12000041,'1406500031',7300033,330001,3.13,19,NULL)
,(12000044,'1406500013',7300048,330001,3.53,19,NULL)
,(12000048,'1406500096',7300015,330001,3.01,19,NULL)
,(12000051,'1406500094',7300041,330001,3.01,24,NULL)
,(12000054,'1406500091',7300038,330001,3.00,17,NULL)
,(12000063,'1406500037',7300019,330001,3.05,22,NULL)
,(12000065,'1406500040',7300017,330001,3.87,17,NULL)
,(12000071,'1406500040',7300027,330001,3.87,17,NULL)
,(12000079,'1406500098',7300014,330001,3.44,22,NULL)
,(12000082,'1406500011',7300064,330001,3.78,20,NULL)
,(12000083,'1406500045',7300039,330001,3.45,19,NULL)
,(12000084,'1406500020',7300007,330001,3.41,18,NULL)
,(12000087,'1406500062',7300020,330001,2.95,21,NULL)
,(12000090,'1406500093',7300013,330001,3.01,19,NULL)
,(12000092,'1406500060',7300050,330001,3.87,18,NULL)
,(12000093,'1406500043',7300040,330001,4.00,20,NULL)
,(12000094,'1406500092',7300065,330001,3.31,17,NULL)
,(12000095,'1406500021',7300022,330001,3.82,22,NULL)
,(12000097,'1406500037',7300058,330001,3.05,22,NULL)
,(12000098,'1406500048',7300006,330001,2.66,18,NULL)
,(12000099,'1406500052',7300002,330001,3.06,22,NULL)
,(12000101,'1406500003',7300004,330001,3.68,23,NULL)
,(12000102,'1406500002',7300003,330001,2.97,19,NULL)
,(12000107,'1406500053',7300062,330001,2.63,23,NULL)
,(12000109,'1406500052',7300018,330001,3.06,22,NULL)
,(12000113,'1406500057',7300004,330001,3.91,16,NULL)
,(12000114,'1406500046',7300045,330001,3.79,22,NULL)
,(12000116,'1406500036',7300008,330001,2.53,19,NULL)
,(12000117,'1406500028',7300045,330001,2.66,20,NULL)
,(12000124,'1406500019',7300018,330001,2.67,21,NULL)
,(12000125,'1406500039',7300010,330001,3.22,18,NULL)
,(12000128,'1406500049',7300051,330001,2.53,19,NULL)
,(12000129,'1406500044',7300044,330001,2.87,23,NULL)
,(12000133,'1406500091',7300048,330001,3.00,17,NULL)
,(12000139,'1406500004',7300021,330001,3.85,23,NULL)
,(12000140,'1406500065',7300024,330001,2.53,24,NULL)
,(12000142,'1406500035',7300042,330001,2.75,24,NULL)
,(12000146,'1406500039',7300041,330001,3.22,18,NULL)
,(12000148,'1406500015',7300063,330001,3.66,16,NULL);

INSERT INTO LAMARAN(IDLamaran, NPM, IDLowongan, ID_st_lamaran, IPK, JumlahSKS, NIP) VALUES
 (12000032,'1406500009',7300024,330002,3.66,21,'1780048')
,(12000058,'1406500032',7300050,330002,3.77,23,'1780015')
,(12000059,'1406500054',7300050,330002,3.60,16,'1780015')
,(12000060,'1406500053',7300017,330002,2.63,23,'1780039')
,(12000072,'1406500056',7300017,330002,2.87,22,'1780039')
,(12000085,'1406500086',7300017,330002,3.22,17,'1780039')
,(12000103,'1406500041',7300024,330002,2.97,21,'1780048')
,(12000002,'1406500063',7300057,330003,3.70,20,NULL)
,(12000005,'1406500041',7300056,330003,2.97,21,NULL)
,(12000006,'1406500031',7300044,330003,3.13,19,NULL)
,(12000008,'1406500023',7300049,330003,3.53,20,NULL)
,(12000011,'1406500008',7300053,330003,3.06,16,NULL)
,(12000012,'1406500035',7300005,330003,2.75,24,NULL)
,(12000015,'1406500088',7300055,330003,3.05,21,NULL)
,(12000017,'1406500055',7300001,330003,2.84,21,NULL)
,(12000018,'1406500057',7300031,330003,3.91,16,NULL)
,(12000023,'1406500034',7300049,330003,3.79,18,NULL)
,(12000024,'1406500056',7300039,330003,2.87,22,NULL)
,(12000028,'1406500043',7300030,330003,4.00,20,NULL)
,(12000030,'1406500030',7300006,330003,3.01,20,NULL)
,(12000034,'1406500016',7300002,330003,2.74,17,NULL)
,(12000036,'1406500039',7300022,330003,3.22,18,NULL)
,(12000037,'1406500018',7300053,330003,3.53,23,NULL)
,(12000040,'1406500035',7300009,330003,2.75,24,NULL)
,(12000043,'1406500036',7300059,330003,2.53,19,NULL)
,(12000046,'1406500095',7300040,330003,3.51,21,NULL)
,(12000049,'1406500059',7300025,330003,2.95,21,NULL)
,(12000052,'1406500007',7300031,330003,3.24,24,NULL)
,(12000053,'1406500042',7300036,330003,2.93,22,NULL)
,(12000056,'1406500037',7300024,330003,3.05,22,NULL)
,(12000057,'1406500049',7300001,330003,2.53,19,NULL)
,(12000061,'1406500012',7300051,330003,3.78,21,NULL)
,(12000062,'1406500038',7300003,330003,3.99,18,NULL)
,(12000064,'1406500093',7300017,330003,3.01,19,NULL)
,(12000066,'1406500013',7300034,330003,3.53,19,NULL)
,(12000067,'1406500087',7300021,330003,2.87,18,NULL)
,(12000068,'1406500005',7300013,330003,2.70,19,NULL)
,(12000070,'1406500043',7300046,330003,4.00,20,NULL)
,(12000075,'1406500033',7300005,330003,2.84,18,NULL)
,(12000076,'1406500017',7300014,330003,3.12,16,NULL)
,(12000080,'1406500040',7300017,330003,3.87,17,NULL)
,(12000081,'1406500012',7300020,330003,3.78,21,NULL)
,(12000086,'1406500032',7300058,330003,3.77,23,NULL)
,(12000088,'1406500026',7300052,330003,3.45,22,NULL)
,(12000089,'1406500099',7300004,330003,3.51,24,NULL)
,(12000091,'1406500055',7300059,330003,2.84,21,NULL)
,(12000104,'1406500010',7300016,330003,3.31,16,NULL)
,(12000106,'1406500046',7300047,330003,3.79,22,NULL)
,(12000108,'1406500006',7300006,330003,3.21,18,NULL)
,(12000110,'1406500042',7300026,330003,2.93,22,NULL);

INSERT INTO LAMARAN(IDLamaran, NPM, IDLowongan, ID_st_lamaran, IPK, JumlahSKS, NIP) VALUES
 (12000111,'1406500095',7300026,330003,3.51,21,NULL)
,(12000115,'1406500094',7300007,330003,3.01,24,NULL)
,(12000122,'1406500040',7300063,330003,3.87,17,NULL)
,(12000123,'1406500038',7300009,330003,3.99,18,NULL)
,(12000127,'1406500054',7300037,330003,3.60,16,NULL)
,(12000130,'1406500020',7300064,330003,3.41,18,NULL)
,(12000131,'1406500027',7300054,330003,3.84,20,NULL)
,(12000135,'1406500089',7300035,330003,3.87,23,NULL)
,(12000137,'1406500047',7300020,330003,3.60,18,NULL)
,(12000143,'1406500027',7300019,330003,3.84,20,NULL)
,(12000144,'1406500025',7300043,330003,3.81,23,NULL)
,(12000150,'1406500090',7300032,330003,3.91,16,NULL)
,(12000007,'1406500045',7300028,330004,3.45,19,NULL)
,(12000013,'1406500034',7300061,330004,3.79,18,NULL)
,(12000019,'1406500033',7300011,330004,2.84,18,NULL)
,(12000021,'1406500055',7300061,330004,2.84,21,NULL)
,(12000022,'1406500030',7300032,330004,3.01,20,NULL)
,(12000025,'1406500053',7300034,330004,2.63,23,NULL)
,(12000026,'1406500028',7300009,330004,2.66,20,NULL)
,(12000027,'1406500034',7300005,330004,3.79,18,NULL)
,(12000031,'1406500019',7300057,330004,2.67,21,NULL)
,(12000038,'1406500022',7300019,330004,3.22,16,NULL)
,(12000039,'1406500044',7300011,330004,2.87,23,NULL)
,(12000042,'1406500036',7300046,330004,2.53,19,NULL)
,(12000045,'1406500048',7300030,330004,2.66,18,NULL)
,(12000047,'1406500042',7300029,330004,2.93,22,NULL)
,(12000050,'1406500096',7300056,330004,3.01,19,NULL)
,(12000055,'1406500033',7300007,330004,2.84,18,NULL)
,(12000069,'1406500097',7300036,330004,3.51,23,NULL)
,(12000073,'1406500018',7300012,330004,3.53,23,NULL)
,(12000074,'1406500045',7300010,330004,3.45,19,NULL)
,(12000077,'1406500017',7300033,330004,3.12,16,NULL)
,(12000078,'1406500015',7300015,330004,3.66,16,NULL)
,(12000096,'1406500041',7300029,330004,2.97,21,NULL)
,(12000100,'1406500014',7300054,330004,2.99,20,NULL)
,(12000105,'1406500056',7300062,330004,2.87,22,NULL)
,(12000112,'1406500050',7300002,330004,2.87,24,NULL)
,(12000118,'1406500029',7300035,330004,2.73,16,NULL)
,(12000119,'1406500090',7300027,330004,3.91,16,NULL)
,(12000120,'1406500051',7300003,330004,3.87,22,NULL)
,(12000121,'1406500044',7300011,330004,2.87,23,NULL)
,(12000126,'1406500050',7300037,330004,2.87,24,NULL)
,(12000132,'1406500054',7300060,330004,3.60,16,NULL)
,(12000134,'1406500100',7300016,330004,3.76,16,NULL)
,(12000136,'1406500041',7300047,330004,2.97,21,NULL)
,(12000138,'1406500011',7300023,330004,3.78,20,NULL)
,(12000141,'1406500051',7300055,330004,3.87,22,NULL)
,(12000145,'1406500058',7300038,330004,3.15,23,NULL)
,(12000147,'1406500029',7300025,330004,2.73,16,NULL)
,(12000149,'1406500064',7300042,330004,2.84,17,NULL);



INSERT INTO STATUS_LOG(ID, Status) VALUES
 (220001, '1')
,(220002, '2')
,(220003, '3')
,(220004, '4');

INSERT INTO KATEGORI_LOG(ID, Kategori) VALUES
 (440001, '1')
,(440002, '2')
,(440003, '3')
,(440004, '4')
,(440005, '5')
,(440006, '6')
,(440007, '7');


INSERT INTO LOG(IDLog, IDLamaran, NPM, ID_kat_log, ID_st_log, tanggal, jam_mulai, jam_selesai, deskripsi_kerja ) VALUES 
 (60001,12000002,'1406500063',440007,220004,'19-Mar-2016','13:42','15:21','Mengawas KUIS')
,(60002,12000005,'1406500041',440006,220004,'15-Feb-2016','18:52','20:28','Mengoreksi Tugas')
,(60003,12000006,'1406500031',440003,220004,'10-May-2016','15:16','16:53','Membuat Soal Tugas')
,(60004,12000008,'1406500023',440004,220001,'14-May-2016','15:49','17:29','Rapat')
,(60005,12000011,'1406500008',440006,220002,'12-Mar-2016','17:10','18:47','Mengoreksi Tugas')
,(60006,12000012,'1406500035',440006,220003,'14-Mar-2016','13:48','15:27','Mengoreksi Tugas')
,(60007,12000015,'1406500088',440003,220003,'19-May-2016','11:42','13:23','Membuat Soal Tugas')
,(60008,12000017,'1406500055',440004,220004,'22-Mar-2016','8:35','10:34','Rapat')
,(60009,12000018,'1406500057',440005,220002,'20-Apr-2016','14:11','15:42','Sit In di Kelas')
,(60010,12000023,'1406500034',440006,220002,'12-Jan-2016','19:28','21:27','Mengoreksi Tugas')
,(60011,12000024,'1406500056',440004,220002,'27-Feb-2016','15:06','16:55','Rapat')
,(60012,12000028,'1406500043',440004,220002,'13-Jan-2016','18:56','20:41','Rapat')
,(60013,12000030,'1406500030',440001,220001,'19-May-2016','18:14','20:10','Asistensi 4')
,(60014,12000034,'1406500016',440005,220001,'8-Jan-2016','20:51','22:47','Sit In di Kelas')
,(60015,12000036,'1406500039',440005,220003,'13-Jan-2016','9:31','11:23','Sit In di Kelas')
,(60016,12000037,'1406500018',440001,220003,'27-Jan-2016','18:03','19:54','Tutorial Lab')
,(60017,12000040,'1406500035',440004,220003,'4-Apr-2016','12:27','14:17','Rapat')
,(60018,12000043,'1406500036',440003,220001,'20-Apr-2016','17:32','19:05','Membuat Soal Tugas')
,(60019,12000046,'1406500095',440002,220004,'7-Feb-2016','8:25','10:17','Persiapan 3')
,(60020,12000049,'1406500059',440003,220003,'2-Mar-2016','10:49','12:19','Membuat Soal Tugas')
,(60021,12000052,'1406500007',440005,220001,'18-Feb-2016','19:41','21:37','Sit In di Kelas')
,(60022,12000053,'1406500042',440005,220002,'5-Apr-2016','18:11','19:53','Sit In di Kelas')
,(60023,12000056,'1406500037',440005,220004,'17-Jan-2016','16:47','18:43','Sit In di Kelas')
,(60024,12000057,'1406500049',440001,220001,'10-Feb-2016','10:35','12:32','Tutorial Lab')
,(60025,12000061,'1406500012',440003,220003,'9-Mar-2016','19:21','21:07','Membuat Soal Tugas')
,(60026,12000062,'1406500038',440004,220004,'6-May-2016','20:28','22:16','Rapat')
,(60027,12000064,'1406500093',440002,220003,'27-Apr-2016','7:44','9:41','Persiapan 2')
,(60028,12000066,'1406500013',440002,220001,'5-Feb-2016','9:40','11:19','Persiapan 5')
,(60029,12000067,'1406500087',440001,220003,'3-Apr-2016','19:07','20:53','Asistensi 3')
,(60030,12000068,'1406500005',440001,220004,'20-Jan-2016','16:29','18:06','Tutorial Lab')
,(60031,12000070,'1406500043',440005,220001,'12-Feb-2016','11:19','12:58','Sit In di Kelas')
,(60032,12000075,'1406500033',440004,220004,'9-Feb-2016','14:26','16:11','Rapat')
,(60033,12000076,'1406500017',440004,220001,'26-Feb-2016','8:26','10:19','Rapat')
,(60034,12000080,'1406500040',440002,220003,'13-Apr-2016','7:30','9:16','Persiapan 4')
,(60035,12000081,'1406500012',440005,220003,'14-Jan-2016','20:11','21:48','Sit In di Kelas')
,(60036,12000086,'1406500032',440003,220001,'6-Apr-2016','15:10','16:43','Membuat Soal Tugas')
,(60037,12000088,'1406500026',440002,220001,'23-Jan-2016','17:27','19:17','Persiapan 4')
,(60038,12000089,'1406500099',440003,220004,'28-Jan-2016','15:15','17:04','Membuat Soal Tugas')
,(60039,12000091,'1406500055',440007,220004,'7-May-2016','16:25','18:07','Mengawas KUIS')
,(60040,12000104,'1406500010',440001,220001,'18-May-2016','9:40','11:15','Asistensi 4')
,(60041,12000106,'1406500046',440003,220002,'20-Feb-2016','7:41','9:27','Membuat Soal Tugas')
,(60042,12000108,'1406500006',440006,220001,'24-Apr-2016','11:46','13:40','Mengoreksi Tugas')
,(60043,12000110,'1406500042',440001,220001,'18-Feb-2016','20:58','22:51','Tutorial Lab')
,(60044,12000111,'1406500095',440004,220001,'12-Feb-2016','7:25','9:05','Rapat')
,(60045,12000115,'1406500094',440006,220002,'29-Feb-2016','15:42','17:25','Mengoreksi Tugas')
,(60046,12000122,'1406500040',440002,220002,'6-May-2016','7:44','9:35','Persiapan 3')
,(60047,12000123,'1406500038',440007,220002,'5-Apr-2016','8:01','9:31','Mengawas KUIS')
,(60048,12000127,'1406500054',440006,220004,'3-Mar-2016','8:20','10:02','Mengoreksi Tugas')
,(60049,12000130,'1406500020',440003,220001,'21-Jan-2016','9:57','11:31','Membuat Soal Tugas')
,(60050,12000131,'1406500027',440005,220003,'7-Feb-2016','9:07','10:41','Sit In di Kelas');

INSERT INTO LOG(IDLog, IDLamaran, NPM, ID_kat_log, ID_st_log, tanggal, jam_mulai, jam_selesai, deskripsi_kerja ) VALUES 
 (60051,12000135,'1406500089',440002,220001,'14-May-2016','20:04','21:49','Persiapan 1')
,(60052,12000137,'1406500047',440001,220004,'3-Mar-2016','20:01','21:58','Asistensi 3')
,(60053,12000143,'1406500027',440003,220002,'8-Jan-2016','16:43','18:28','Membuat Soal Tugas')
,(60054,12000144,'1406500025',440005,220004,'12-Jan-2016','14:26','16:06','Sit In di Kelas')
,(60055,12000150,'1406500090',440002,220004,'5-Feb-2016','18:33','20:32','Persiapan 1')
,(60056,12000002,'1406500063',440004,220002,'15-Apr-2016','20:10','22:08','Rapat')
,(60057,12000005,'1406500041',440003,220004,'7-May-2016','15:54','17:24','Membuat Soal Tugas')
,(60058,12000006,'1406500031',440007,220004,'2-Jan-2016','9:19','11:04','Mengawas KUIS')
,(60059,12000008,'1406500023',440007,220004,'15-Apr-2016','14:41','16:15','Mengawas KUIS')
,(60060,12000011,'1406500008',440002,220004,'8-May-2016','20:12','21:52','Persiapan 5')
,(60061,12000012,'1406500035',440002,220004,'12-Feb-2016','15:29','17:05','Persiapan 4')
,(60062,12000015,'1406500088',440004,220003,'18-Mar-2016','16:06','17:38','Rapat')
,(60063,12000017,'1406500055',440005,220002,'11-May-2016','19:56','21:55','Sit In di Kelas')
,(60064,12000018,'1406500057',440002,220001,'7-Mar-2016','8:42','10:32','Persiapan 5')
,(60065,12000023,'1406500034',440004,220002,'28-Jan-2016','12:12','13:56','Rapat')
,(60066,12000024,'1406500056',440005,220001,'23-Feb-2016','12:52','14:25','Sit In di Kelas')
,(60067,12000028,'1406500043',440004,220001,'29-Feb-2016','15:20','16:54','Rapat')
,(60068,12000030,'1406500030',440005,220003,'7-May-2016','11:23','13:21','Sit In di Kelas')
,(60069,12000034,'1406500016',440001,220002,'12-May-2016','15:22','17:12','Asistensi 3')
,(60070,12000036,'1406500039',440007,220004,'5-May-2016','9:33','11:27','Mengawas KUIS')
,(60071,12000037,'1406500018',440006,220004,'17-May-2016','11:10','12:53','Mengoreksi Tugas')
,(60072,12000040,'1406500035',440006,220001,'4-Feb-2016','13:54','15:31','Mengoreksi Tugas')
,(60073,12000043,'1406500036',440004,220003,'24-Feb-2016','15:20','17:14','Rapat')
,(60074,12000046,'1406500095',440001,220003,'25-Feb-2016','14:40','16:17','Asistensi 2')
,(60075,12000049,'1406500059',440001,220003,'19-Feb-2016','8:58','10:42','Asistensi 1')
,(60076,12000052,'1406500007',440006,220003,'13-Feb-2016','13:55','15:26','Mengoreksi Tugas')
,(60077,12000053,'1406500042',440005,220001,'27-Jan-2016','7:25','9:04','Sit In di Kelas')
,(60078,12000056,'1406500037',440006,220004,'23-Mar-2016','7:26','9:23','Mengoreksi Tugas')
,(60079,12000057,'1406500049',440002,220001,'27-Mar-2016','10:17','12:12','Persiapan 2')
,(60080,12000061,'1406500012',440002,220004,'15-Jan-2016','15:08','16:57','Persiapan 3')
,(60081,12000062,'1406500038',440005,220001,'30-Jan-2016','10:44','12:25','Sit In di Kelas')
,(60082,12000064,'1406500093',440005,220002,'28-Feb-2016','7:41','9:19','Sit In di Kelas')
,(60083,12000066,'1406500013',440003,220004,'25-Jan-2016','13:06','15:00','Membuat Soal Tugas')
,(60084,12000067,'1406500087',440002,220004,'2-Apr-2016','9:03','10:44','Persiapan 4')
,(60085,12000068,'1406500005',440003,220002,'26-Jan-2016','15:55','17:38','Membuat Soal Tugas')
,(60086,12000070,'1406500043',440002,220003,'6-Jan-2016','15:22','16:58','Persiapan 1')
,(60087,12000075,'1406500033',440001,220002,'15-Mar-2016','20:52','22:24','Asistensi 4')
,(60088,12000076,'1406500017',440005,220002,'12-Feb-2016','17:41','19:33','Sit In di Kelas')
,(60089,12000080,'1406500040',440007,220002,'19-Jan-2016','10:57','12:52','Mengawas KUIS')
,(60090,12000081,'1406500012',440004,220003,'3-May-2016','18:27','20:15','Rapat')
,(60091,12000086,'1406500032',440001,220004,'1-May-2016','18:23','19:53','Asistensi 2')
,(60092,12000088,'1406500026',440001,220004,'30-Apr-2016','11:04','13:00','Asistensi 1')
,(60093,12000089,'1406500099',440002,220004,'2-Apr-2016','14:41','16:24','Persiapan 5')
,(60094,12000091,'1406500055',440004,220004,'23-Mar-2016','14:06','15:43','Rapat')
,(60095,12000104,'1406500010',440002,220002,'6-Apr-2016','10:04','11:56','Persiapan 2')
,(60096,12000106,'1406500046',440002,220001,'24-Apr-2016','20:17','21:55','Persiapan 5')
,(60097,12000108,'1406500006',440005,220002,'3-Mar-2016','7:50','9:26','Sit In di Kelas')
,(60098,12000110,'1406500042',440004,220001,'24-Apr-2016','10:08','12:03','Rapat')
,(60099,12000111,'1406500095',440002,220002,'3-Apr-2016','14:52','16:49','Persiapan 1')
,(60100,12000115,'1406500094',440005,220003,'10-May-2016','9:18','10:58','Sit In di Kelas');

INSERT INTO LOG(IDLog, IDLamaran, NPM, ID_kat_log, ID_st_log, tanggal, jam_mulai, jam_selesai, deskripsi_kerja ) VALUES 
 (60101,12000122,'1406500040',440005,220004,'6-Feb-2016','13:37','15:10','Sit In di Kelas')
,(60102,12000123,'1406500038',440002,220004,'11-Apr-2016','14:34','16:04','Persiapan 3')
,(60103,12000127,'1406500054',440007,220004,'5-Jan-2016','13:47','15:45','Mengawas KUIS')
,(60104,12000130,'1406500020',440006,220001,'10-Feb-2016','10:08','11:59','Mengoreksi Tugas')
,(60105,12000131,'1406500027',440003,220002,'2-May-2016','11:04','12:40','Membuat Soal Tugas')
,(60106,12000135,'1406500089',440004,220003,'21-Apr-2016','20:46','22:33','Rapat')
,(60107,12000137,'1406500047',440006,220003,'19-May-2016','18:39','20:17','Mengoreksi Tugas')
,(60108,12000143,'1406500027',440006,220004,'21-Mar-2016','18:49','20:28','Mengoreksi Tugas')
,(60109,12000144,'1406500025',440003,220002,'24-Jan-2016','12:47','14:29','Membuat Soal Tugas')
,(60110,12000150,'1406500090',440004,220002,'27-Apr-2016','19:29','21:11','Rapat')
,(60111,12000002,'1406500063',440005,220002,'20-Apr-2016','7:19','9:11','Sit In di Kelas')
,(60112,12000005,'1406500041',440006,220002,'8-Jan-2016','9:29','11:00','Mengoreksi Tugas')
,(60113,12000006,'1406500031',440004,220001,'9-Jan-2016','7:58','9:39','Rapat')
,(60114,12000008,'1406500023',440004,220001,'6-Jan-2016','11:34','13:16','Rapat')
,(60115,12000011,'1406500008',440001,220003,'24-Jan-2016','9:59','11:34','Tutorial Lab')
,(60116,12000012,'1406500035',440005,220003,'2-Mar-2016','19:47','21:28','Sit In di Kelas')
,(60117,12000015,'1406500088',440005,220003,'17-Feb-2016','15:03','16:36','Sit In di Kelas')
,(60118,12000017,'1406500055',440001,220001,'29-Apr-2016','11:02','12:54','Asistensi 4')
,(60119,12000018,'1406500057',440004,220004,'3-Apr-2016','20:07','21:53','Rapat')
,(60120,12000023,'1406500034',440003,220003,'9-Mar-2016','18:20','19:57','Membuat Soal Tugas')
,(60121,12000024,'1406500056',440002,220001,'24-Apr-2016','17:17','18:57','Persiapan 1')
,(60122,12000028,'1406500043',440003,220002,'11-May-2016','19:09','21:06','Membuat Soal Tugas')
,(60123,12000030,'1406500030',440005,220004,'14-May-2016','10:10','12:02','Sit In di Kelas')
,(60124,12000034,'1406500016',440005,220001,'3-Feb-2016','14:55','16:44','Sit In di Kelas')
,(60125,12000036,'1406500039',440005,220003,'6-Apr-2016','17:59','19:57','Sit In di Kelas')
,(60126,12000037,'1406500018',440001,220004,'11-Feb-2016','7:40','9:18','Tutorial Lab')
,(60127,12000040,'1406500035',440003,220003,'8-Feb-2016','18:02','19:50','Membuat Soal Tugas')
,(60128,12000043,'1406500036',440004,220001,'15-Mar-2016','12:03','13:36','Rapat')
,(60129,12000046,'1406500095',440002,220003,'6-Feb-2016','8:26','10:08','Persiapan 2')
,(60130,12000049,'1406500059',440002,220004,'7-May-2016','19:52','21:48','Persiapan 4')
,(60131,12000052,'1406500007',440001,220001,'22-Mar-2016','10:29','12:27','Asistensi 1')
,(60132,12000053,'1406500042',440001,220004,'3-Jan-2016','9:33','11:13','Tutorial Lab')
,(60133,12000056,'1406500037',440005,220001,'11-Jan-2016','14:09','15:39','Sit In di Kelas')
,(60134,12000057,'1406500049',440004,220003,'1-Feb-2016','9:20','11:13','Rapat')
,(60135,12000061,'1406500012',440004,220003,'16-Jan-2016','18:47','20:37','Rapat')
,(60136,12000062,'1406500038',440002,220001,'1-Apr-2016','12:05','13:48','Persiapan 3')
,(60137,12000064,'1406500093',440005,220001,'20-Apr-2016','11:35','13:31','Sit In di Kelas')
,(60138,12000066,'1406500013',440003,220004,'11-Feb-2016','17:55','19:26','Membuat Soal Tugas')
,(60139,12000067,'1406500087',440002,220004,'21-Mar-2016','20:49','22:37','Persiapan 1')
,(60140,12000068,'1406500005',440003,220001,'18-May-2016','15:55','17:47','Membuat Soal Tugas')
,(60141,12000070,'1406500043',440007,220002,'3-Apr-2016','11:49','13:33','Mengawas KUIS')
,(60142,12000075,'1406500033',440001,220001,'27-Mar-2016','9:11','10:57','Asistensi 2')
,(60143,12000076,'1406500017',440003,220001,'8-Jan-2016','11:56','13:27','Membuat Soal Tugas')
,(60144,12000080,'1406500040',440006,220001,'5-Apr-2016','14:10','15:57','Mengoreksi Tugas')
,(60145,12000081,'1406500012',440001,220002,'30-Jan-2016','12:14','14:08','Tutorial Lab')
,(60146,12000086,'1406500032',440004,220002,'9-Mar-2016','9:18','10:57','Rapat')
,(60147,12000088,'1406500026',440006,220002,'17-May-2016','20:44','22:37','Mengoreksi Tugas')
,(60148,12000089,'1406500099',440002,220004,'14-Jan-2016','17:35','19:25','Persiapan 2')
,(60149,12000091,'1406500055',440007,220001,'3-May-2016','8:00','9:34','Mengawas KUIS')
,(60150,12000104,'1406500010',440006,220003,'5-Apr-2016','20:14','22:10','Mengoreksi Tugas');
